model,rmse,mae,r2
linear_regression,0.7455813830127763,0.5332001304956555,0.5757877060324508
random_forest,0.5432249038848402,0.3656720335417737,0.774808246050917
